etablissement_code,university_code,label_ar,label_fr,website,gouvernorat,type,lat,lon
1306,13,?????? ?????? ???????? ??????????? ?????,Institut Supérieur des Etudes Technologiques de Béja,isetbeja.wordpress.com,Béja,Public,36.73009993310565, 9.202203885886496
1321,13,?????? ?????? ???????? ??????????? ?????,Institut Supérieur des Etudes Technologiques de Bizerte,isetbz.rnu.tn,Bizerte,Public,37.23572203211368, 9.885430884234594
1301,13,?????? ?????? ???????? ??????????? ????????,Institut Supérieur des Etudes Technologiques de Charguia,isetch.rnu.tn,Ariana,Public,36.85129121672034, 10.211684906763454
1316,13,?????? ?????? ???????? ??????????? ?????,Institut Supérieur des Etudes Technologiques de Gabés,isetgb.rnu.tn,Gabés,Public,33.86416397969313, 10.102780125423761
1319,13,?????? ?????? ???????? ??????????? ?????,Institut Supérieur des Etudes Technologiques de Gafsa,isetgf.rnu.tn,Gafsa,Public,34.42990381420266, 8.762775239332587
1309,13,?????? ?????? ???????? ??????????? ???????,Institut Supérieur des Etudes Technologiques de Jendouba,isetj.rnu.tn,Jendouba,Public,36.50679001620653, 8.759643719253052
1308,13,?????? ?????? ???????? ??????????? ?????,Institut Supérieur des Etudes Technologiques de Jerba,isetjb.rnu.tn,Médenine,Public,33.81804187368521, 10.973185459651953
1303,13,?????? ?????? ???????? ??????????? ?????????,Institut Supérieur des Etudes Technologiques de Kairouan,isetkr.rnu.tn,Kairouan,Public,35.598328181584, 10.06347416748433
1302,13,?????? ?????? ???????? ??????????? ????????,Institut Supérieur des Etudes Technologiques de Kasserine,isetks.rnu.tn,Kasserine,Public,35.16693941371468, 8.779597519819408
1317,13,?????? ?????? ???????? ??????????? ?????,Institut Supérieur des Etudes Technologiques de Kebili,isetke.rnu.tn,Kébili,Public,33.733586474517814, 8.986248612113236
1325,13,?????? ?????? ???????? ??????????? ???????,Institut Supérieur des Etudes Technologiques de Kélibia,isetkl.rnu.tn,Nabeul,Public,36.853181460933314, 11.059341090106049
1318,13,?????? ?????? ???????? ??????????? ???? ????,Institut Supérieur des Etudes Technologiques de Ksar Hellal,isetkh.rnu.tn,Monastir,Public,35.652942763685864, 10.889368890129157
1305,13,?????? ?????? ???????? ??????????? ????????,Institut Supérieur des Etudes Technologiques de Mahdia,isetma.rnu.tn,Mahdia,Public,35.52275560773197, 11.031277440961647
1323,13,?????? ?????? ???????? ??????????? ?????,Institut Supérieur des Etudes Technologiques de Médenine,isetmd.rnu.tn,Médenine,Public,33.49740219213981, 10.644278727626956
1320,13,?????? ?????? ???????? ??????????? ?????,Institut Supérieur des Etudes Technologiques de Nabeul,isetn.rnu.tn,Nabeul,Public,36.43659337999381, 10.676887663932606
1310,13,?????? ?????? ???????? ??????????? ?????,Institut Supérieur des Etudes Technologiques de Rades,isetr.rnu.tn,Ben Arous,Public,36.76059240115886, 10.271036927743939
1315,13,?????? ?????? ???????? ??????????? ??????,Institut Supérieur des Etudes Technologiques de Sfax,isetsf.rnu.tn,Sfax,Public,34.758311842969846, 10.771355681149776
1314,13,?????? ?????? ???????? ??????????? ????? ?????,Institut Supérieur des Etudes Technologiques de Sidi Bouzid,isetsbz.rnu.tn,Sidi Bouzid,Public,35.029024107142035, 9.458727220734803
1312,13,?????? ?????? ???????? ??????????? ???????,Institut Supérieur des Etudes Technologiques de Siliana,https://isetsl.rnu.tn/,Siliana,Public,36.076365235794896, 9.38245622416482
1313,13,?????? ?????? ???????? ??????????? ?????,Institut Supérieur des Etudes Technologiques de Sousse,isetso.rnu.tn,Sousse,Public,35.802275038005796, 10.614493652391715
1307,13,?????? ?????? ???????? ??????????? ???????,Institut Supérieur des Etudes Technologiques de Tataouine,isetta.rnu.tn,Tataouine,Public,32.949939611003025, 10.474754568359963
1322,13,?????? ?????? ???????? ??????????? ????,Institut Supérieur des Etudes Technologiques de Tozeur,isett.rnu.tn,Tozeur,Public,33.91615448238502, 8.08834607374582
1311,13,?????? ?????? ???????? ??????????? ??????,Institut Supérieur des Etudes Technologiques de Zaghouan,isetzg.rnu.tn,Zaghouan,Public,36.43364731443301, 10.092293480901656
1304,13,?????? ?????? ???????? ??????????? ??????,Institut Supérieur des Etudes Technologiques du Kef,isetkf.rnu.tn,Le Kef,Public,36.12466456317538, 8.724899951190796
1324,13,?????? ?????? ???????? ??????????? ???????,Institut Supérieur des Etudes Technologiques en Communications de Tunis,www.isetcom.tn,Ariana,Public,36.8910302576336, 10.184364025642822
422,4,??????? ??????? ??????? ????????? ????????,Ecole Nationale d'Architecture et d'Urbanisme de Tunis,www.enau.rnu.tn,Tunis,Public,36.87274779508976, 10.338539210885232
433,4,??????? ??????? ?????? ????????????? ???????? ???? ???????,Ecole Nationale des Sciences et Technologies Avancées de Borj Cédria,www.enstab.rnu.tn,Nabeul,Public,36.70788156253631, 10.427547288131262
431,4,??????? ??????? ????????? ??????,Ecole Nationale d'Ingénieurs de Bizerte,enib.tn,Bizerte,Public,37.23499271996277, 9.884640209679056
428,4,??????? ??????? ????????? ??????,Ecole Nationale d'Ingénieurs de Carthage,enicarthage.rnu.tn,Ariana,Public,36.85181087235165, 10.211349609953688
430,4,??????? ???????? ????????,Ecole Polytechnique de Tunisie,www.ept.rnu.tn,Tunis,Public,36.87946633179844, 10.33640017641931
425,4,???????? ?????? ????????? ???????,Ecole Supérieure d'Agriculture de Mateur,esamateur.agrinet.tn/index.php/fr/,Bizerte,Public,37.05205748305532, 9.62125104012608
424,4,???????? ?????? ???????? ??????,Ecole Supérieure d'Agriculture de Mograne,esamograne.agrinet.tn,Zaghouan,Public,36.426324228633604, 10.095044093411246
427,4,??????? ?????? ?????? ?????? ???????? ?????,Ecole Supérieure de l'Audiovisuel et du Cinéma de Gammarth,www.esac.rnu.tn,Tunis,Public,36.8995872483749, 10.312115608948105
423,4,??????? ?????? ????????? ?????,Ecole Supérieure des Communications de Tunis,supcom.tn,Ariana,Public,36.89208150458829, 10.18746280390686
426,4,???????? ?????? ???????? ?????????? ?????,Ecole Supérieure des Industries Alimentaires de Tunis,esiat.agrinet.tn,Tunis,Public,36.83149658789578, 10.188141620904872
429,4,??????? ?????? ??????? ?????? ?????????,Ecole Supérieure des Statistiques et d'Analyse de l'Information,essai.rnu.tn,Ariana,Public,36.85763989108804, 10.209579677291128
401,4,???? ???????? ??????,Faculté des Sciences de Bizerte,www.fsb.rnu.tn,Bizerte,Public,37.268148693329046, 9.879468541737548
403,4,???? ?????? ?????????? ??????? ?????,Faculté des Sciences Economiques et de Gestion de Nabeul,www.fsegn.rnu.tn,Nabeul,Public,36.43463442960473, 10.6891382392328
402,4,???? ?????? ????????? ????????? ??????????? ?????,"Faculté des Sciences Juridiques, Politiques et Sociales de Tunis",www.fsjpst.rnu.tn,Tunis,Public,36.845506934796, 10.187244342700723
404,4,???? ???????? ?????? ???????? ??????,Institut des Hautes Etudes Commerciales de Carthage,www.ihec.rnu.tn,Tunis,Public,36.86284730119126, 10.33733397110563
406,4,?????? ?????? ?????? ???????? ?????,Institut National Agronomique de Tunisie,inat.tn/fr,Tunis,Public,36.82788795140715, 10.18082928720551
407,4,?????? ?????? ?????? ????????? ????????????,Institut National des Sciences Appliquées et de Technologie de Tunis,https://insat.rnu.tn/,Tunis,Public,36.84302664812697, 10.197644056257516
408,4,?????? ?????? ????? ????????? ??????????,Institut National du Travail et des Etudes Sociales de Tunis,intes.rnu.tn,Ariana,Public,36.85639850868952, 10.205744804801416
419,4,?????? ???????? ???????? ???????? ??????,Institut Préparatoire aux Etudes d'Ingénieurs de Bizerte,ipeib.rnu.tn,Bizerte,Public,37.26448477230625, 9.872892940519135
418,4,?????? ???????? ???????? ???????? ?????,Institut Préparatoire aux Etudes d'Ingénieurs de Nabeul,www.ipein.rnu.tn,Nabeul,Public,36.43733872003593, 10.679065915822196
420,4,?????? ???????? ???????? ??????? ???????? ???????,Institut Préparatoire aux Etudes Scientifiques et techniques,www.ipest.rnu.tn,Tunis,Public,36.87305006920635, 10.333993565193891
415,4,?????? ?????? ?????? ??????,Institut Supérieur de Gestion de Bizerte,www.isccb.rnu.tn,Bizerte,Public,37.23626010125224, 9.882473267614202
413,4,?????? ?????? ????? ?????? ?????? ??????? ???????,Institut Supérieur de Péche et d'Aquaculture de Bizerte,ispab.agrinet.tn/index.php/ar/,Bizerte,Public,37.25411659046017, 9.908906505562289
409,4,?????? ?????? ?????? ???????? ??????,Institut Supérieur des Beaux Arts de Nabeul,www.isban.rnu.tn,Nabeul,Public,36.43513620928559, 10.686595492422247
421,4,?????? ?????? ??????? ???????????? ?????? ????,Institut Supérieur des Cadres de l'Enfance Carthage Dermech,iscenf.rnu.tn,Tunis,Public,36.849092854271156, 10.329059079839139
414,4,?????? ?????? ???????? ????????? ?? ?????????? ? ?????????? ?????,Institut Supérieur des Etudes Préparatoires en Biologie et Géologie é Soukra,www.isepbgsoukra.agrinet.tn,Ariana,Public,36.8815311394077, 10.237643189709548
405,4,???? ???????? ???????? ?????? ????? ??????,Institut Supérieur des Etudes Touristique de Sidi Dhrif,ihet.rnu.tn,Tunis,Public,36.876470160631555, 10.342174046919782
411,4,?????? ?????? ????? ?????,Institut Supérieur des Langues de Nabeul,isln.rnu.tn,Nabeul,Public,36.44981352088084, 10.724085198425344
410,4,?????? ?????? ????? ?????,Institut Supérieur des Langues de Tunis,www.islt.rnu.tn,Tunis,Public,36.83396422611153, 10.19466087926597
412,4,?????? ?????? ?????? ????????? ???????????? ?????,Institut Supérieur des Sciences Appliquées et de la Technologie de Mateur,www.issatm.rnu.tn,Bizerte,Public,37.046327055904705, 9.64630524067979
416,4,?????? ?????? ????? ??????????? ?????? ???? ???????,Institut Supérieur des Sciences et Technologies de l'Environnement de Borj Cédria,www.isste.rnu.tn,Nabeul,Public,36.70684835560544, 10.429535245094579
417,4,?????? ?????? ??????????? ?????? ???????? ????????,Institut Supérieur des Technologies de léEnvironnement de l'Urbanisme et du Bétiment,isteub.rnu.tn,Ariana,Public,36.85189365541197, 10.210464545726015
432,4,?????? ?????? ??????????? ????????? ???????? ???? ???????,Institut Supérieur des Technologies de l'Information et de la Communication,www.istic.rnu.tn,Nabeul,Public,36.708113010172404, 10.428539690514892
1115,11,??????? ??????? ????????? ?????,Ecole Nationale d'Ingénieurs de Gabés,enig.rnu.tn,Gabés,Public,33.85135341593682, 10.104287348417431
1101,11,???? ?????? ?????,Faculté des Sciences de Gabés,fsg.rnu.tn,Gabés,Public,33.84696574761809, 10.09702748600932
1109,11,?????? ?????? ?????????? ????????? ??????,Institut Supérieur de Biologie Appliquée de Medenine,isbam.rnu.tn,Médenine,Public,33.496164819633876, 10.642059394025129
1114,11,?????? ?????? ?????? ?????,Institut Supérieur de Gestion de Gabés,isggb.rnu.tn,Gabés,Public,33.88259891869319, 10.089593048199445
1103,11,?????? ?????? ?????? ?????? ?????,Institut Supérieur des Arts et Métiers de Gabés,isamgb.rnu.tn,Gabés,Public,33.84638895281815, 10.094887735004908
1104,11,?????? ?????? ?????? ?????? ???????,Institut Supérieur des Arts et Métiers de Tataouine,isamt.rnu.tn,Tataouine,Public,32.949799503431784, 10.475218581019485
1107,11,?????? ?????? ???????? ????????? ?????,Institut Supérieur des Etudes Juridiques de Gabés,isejg.rnu.tn,Gabés,Public,33.852036346820576, 10.097058018637384
1105,11,?????? ?????? ????? ?????,Institut Supérieur des Langues de Gabés,islgb.rnu.tn,Gabés,Public,33.88581271014696, 10.092261905003133
1106,11,?????? ?????? ?????? ????????? ???????????? ?????,Institut Supérieur des Sciences Appliquées et de Technologie de Gabés,issatgb.rnu.tn,Gabés,Public,33.85026713937597, 10.105531568621396
1112,11,?????? ?????? ????? ??????? ?????? ?????,Institut Supérieur des Sciences et Techniques des Eaux de Gabés,isstegb.rnu.tn,Gabés,Public,33.850216126758255, 10.0932982324951
1108,11,?????? ?????? ?????? ????????? ??????,Institut Supérieur des Sciences Humaines de Médenine,isshm.rnu.tn,Médenine,Public,33.341961132082616, 10.503141201403025
1113,11,?????? ?????? ????? ??????? ?????,Institut Supérieur des Sciences Infirmiéres de Gabés,issig.tn,Gabés,Public,33.88076256425337, 10.096896709221749
1102,11,?????? ?????? ????????? ???????? ?????,Institut Supérieur des Systémes Industriels de Gabés,issig.rnu.tn,Gabés,Public,33.84521562060112, 10.096397187181456
1111,11,?????? ?????? ????????? ??????,Institut Supérieur d'Informatique de Medenine,isim.rnu.tn,Médenine,Public,33.36774808310267, 10.508393148359648
1110,11,?????? ?????? ????????? ???????????? ?????,Institut Supérieur d'Informatique et de Multimédia de Gabés,isimg.rnu.tn,Gabés,Public,33.84766806172932, 10.094547622741976
1210,12,??????? ??????? ????????? ?????,Ecole Nationale d'Ingénieurs de Gafsa,eniga.rnu.tn,Gafsa,Public,34.42956065168908, 8.76567596387697
1201,12,???? ?????? ?????,Faculté des Sciences de Gafsa,fsgf.rnu.tn,Gafsa,Public,34.42982177220428, 8.764271988710924
1209,12,?????? ???????? ???????? ???????? ?????,Institut Préparatoire aux Etudes d'Ingénieurs de Gafsa,ipeig.rnu.tn,Gafsa,Public,34.42960032360303, 8.75600511107746
1208,12,?????? ?????? ?????? ???????? ?????,Institut Supérieur d'Administration des Entreprises de Gafsa,isaeg.rnu.tn,Gafsa,Public,34.42465689864663, 8.757842945234412
1202,12,?????? ?????? ?????? ?????? ?????,Institut Supérieur des Arts et Métiers de Gafsa,isamgf.rnu.tn,Gafsa,Public,34.423443809340355, 8.758085330908282
1205,12,?????? ?????? ???????? ????????? ?? ?????????? ?????,Institut Supérieur des Etudes Appliquées en Humanités de Gafsa,iseahgf.rnu.tn,Gafsa,Public,34.425906780563096, 8.77713385994997
1206,12,?????? ?????? ???????? ????????? ?? ?????????? ?????,Institut Supérieur des Etudes Appliquées en Humanités de Tozeur,iseahtz.rnu.tn,Tozeur,Public,33.91674618831093, 8.088259348864755
1203,12,?????? ?????? ?????? ????????? ???????????? ?????,Institut Supérieur des Sciences Appliquées et de Technologie de Gafsa,issatgf.rnu.tn,Gafsa,Public,34.43719132509519, 8.745211322145801
1207,12,?????? ?????? ????? ?????????? ?????? ?????,Institut Supérieur des Sciences et des Technologies de l'Energie de Gafsa,,Gafsa,Public,34.422522125288836, 8.745323397495904
1204,12,?????? ?????? ??????? ???????? ??????? ?????,Institut Supérieur du Sport et de l'Education Physique de Gafsa,issepgf.rnu.tn,Gafsa,Public,34.42333012728726, 8.763114675189707
612,6,??????? ?????? ??????? ??????,Ecole Supérieure d'Agriculture du Kef,esakef.agrinet.tn,Le Kef,Public,36.121378371382605, 8.719752522585699
613,6,??????? ?????? ????????? ????? ?????,Ecole Supérieure des Ingénieurs de Medjez El Bab,esier.agrinet.tn,Béja,Public,36.621495783107086, 9.561479170152651
601,6,???? ?????? ????????? ??????????? ??????? ???????,"Faculté des Sciences Juridiques, Economiques et de Gestion de Jendouba",www.fsjegj.rnu.tn,Jendouba,Public,36.50832044938573, 8.76145216356464
614,6,?????? ?????? ??????????? ??????? ??????,Institut National des Technologies et des Sciences du Kef,,Jendouba,Public,36.17813247965729, 8.710772479167591
608,6,?????? ?????? ?????????????? ?????,Institut Supérieur de Biotechnologie de Béja,www.isbb.rnu.tn,Béja,Public,36.718591762196425, 9.1795038363003
609,6,?????? ?????? ????????? ??????,Institut Supérieur de l'Informatique du Kef,www.isikef.rnu.tn,Le Kef,Public,36.17834078813045, 8.710288414400305
603,6,?????? ?????? ???????? ??????? ??????,Institut Supérieur de Musique et de Théétre du Kef,www.istmk.rnu.tn,Le Kef,Public,36.179916711237226, 8.717834145965927
604,6,?????? ?????? ?????? ?????? ???????,Institut Supérieur des Arts et Métiers de Siliana,www.isamsl.rnu.tn,Siliana,Public,36.08375519538907, 9.368330951644635
607,6,?????? ?????? ???????? ????????? ?? ?????????? ??????,Institut Supérieur des Etudes Appliquées en Humanités du Kef,www.iseahkf.rnu.tn,Le Kef,Public,36.18186889892116, 8.724286338670101
605,6,?????? ?????? ????? ????????? ?????????? ?????,Institut Supérieur des Langues Appliquées et Informatique de Béja,www.islaib.rnu.tn,Béja,Public,36.729189202062884, 9.201833917844851
606,6,?????? ?????? ?????? ????????? ???????,Institut Supérieur des Sciences Humaines de Jendouba,www.isshj.rnu.tn,Jendouba,Public,36.510339371190334, 8.760811586265046
610,6,?????? ?????? ????? ??????? ??????,Institut Supérieur des Sciences Infirmiéres de Kef,issikf.rnu.tn,Le Kef,Public,36.176573732511486, 8.704001608925154
611,6,?????? ?????? ??????? ???????? ??????? ??????,Institut Supérieur du Sport et de léEducation Physique du Kef,issepk.rnu.tn/Fr/nous-contacter_10_18,Le Kef,Public,36.121710752254096, 8.71972580096017
602,6,???? ??????? ???????? ??????,Institut Sylvo-Pastoral de Tabarka,isptabarka.agrinet.tn/index.php/fr/,Jendouba,Public,36.92889558267683, 8.791242180787632
901,9,???? ?????? ??????? ????????? ?????????,Faculté des Lettres et des Sciences Humaines de Kairouan,flshk.rnu.tn,Kairouan,Public,35.60043330129344, 10.064525149558415
911,9,???? ?????? ????????? ????? ?????,Faculté des Sciences et Techniques de Sidi Bouzid,fstsbz.rnu.tn,Sidi Bouzid,Public,35.01486168516771, 9.485636584538845
912,9,?????? ???????? ???????? ???????? ?????????,Institut Préparatoire aux Etudes d'Ingénieurs de Kairouan,ipeik.rnu.tn,Kairouan,Public,35.6752334702944, 10.105432738944437
902,9,?????? ?????? ?????? ?????? ?????????,Institut Supérieur des Arts et Métiers de Kairouan,isamk.rnu.tn,Kairouan,Public,35.674238404853355, 10.102475414716542
903,9,?????? ?????? ?????? ?????? ????????,Institut Supérieur des Arts et Métiers de Kasserine,isamkas.rnu.tn,Kasserine,Public,35.176453521001186, 8.849374288603986
909,9,?????? ?????? ?????? ?????? ????? ?????,Institut Supérieur des Arts et Métiers de Sidi Bouzid,isamsb.rnu.tn,Sidi Bouzid,Public,35.03298457408269, 9.473779323856636
907,9,?????? ?????? ???????? ????????? ?? ?????????? ???????,Institut Supérieur des Etudes Appliquées en Sciences Humaines de Sbeétla,iseahs.rnu.tn,Kasserine,Public,35.24723510338917, 9.108112113811353
906,9,?????? ?????? ???????? ????????? ????????? ?????????,Institut Supérieur des Etudes Juridiques et Politiques de Kairouan,isejpk.rnu.tn,Kairouan,Public,35.68174294315908, 10.10004764105004
905,9,?????? ?????? ????????? ????????? ?????????? ?????????,Institut Supérieur des Mathématiques Appliquées et de l'Informatique de Kairouan,ismaik.rnu.tn,Kairouan,Public,35.675255232495196, 10.105435650549921
904,9,?????? ?????? ?????? ????????? ???????????? ?????????,Institut Supérieur des Sciences Appliquées et de Technologie de Kairouan,issatkr.rnu.tn,Kairouan,Public,35.691139456231404, 10.076441508409138
910,9,?????? ?????? ?????? ????????? ???????????? ????????,Institut Supérieur des Sciences Appliquées et de Technologie de Kasserine,issatkas.rnu.tn,Kasserine,Public,35.16698629465678, 8.778655525599591
908,9,?????? ?????? ????????? ??????? ?????????,Institut Supérieur d'Informatique et de Gestion de Kairouan,isigk.rnu.tn,Kairouan,Public,35.67620990575683, 10.10534624748415
509,5,??????? ??????? ???? ??????? ????? ????,Ecole Nationale de Médecine Vétérinaire de Sidi Thabet,enmv.agrinet.tn,Ariana,Public,36.91095724254412, 10.04809756928227
510,5,??????? ??????? ????? ?????????,Ecole Nationale des Sciences de l'Informatique,https://ensi.rnu.tn/,La Mannouba,Public,36.81336509494683, 10.063482448198059
511,5,??????? ?????? ??????? ??????,Ecole Supérieure de Commerce de Tunis,https://esct.rnu.tn/,La Mannouba,Public,36.813614141053925, 10.06211309769657
512,5,??????? ?????? ???????? ?????? ??????,Ecole Supérieure d'Economie Numérique,,La Mannouba,Public,36.807408826488434, 10.073081808245908
513,5,??????? ?????? ????? ??????????? ???????,Ecole Supérieure des Sciences et Technologies du Design,essted.rnu.tn,La Mannouba,Public,36.80289916461998, 10.117035064005215
501,5,???? ?????? ??????? ??????????? ??????,"Faculté des Lettres, des Arts et des Humanités de la Manouba",https://flm.rnu.tn/,La Mannouba,Public,36.8118593590518, 10.064957562143636
502,5,???? ??????? ????? ???????,Institut de Presse et des Sciences de l'Information,https://ipsi.rnu.tn/,La Mannouba,Public,36.81083280790823, 10.068030692423516
504,5,?????? ?????? ?????????????? ????? ????,Institut Supérieur de Biotechnologie de Sidi Thabet,https://isbst.rnu.tn/,La Mannouba,Public,36.91675888203254, 10.08472063157696
506,5,?????? ?????? ???????? ?????? ????????,Institut Supérieur de Comptabilité et d'Administration des Entreprises de Manouba,www.iscae.rnu.tn,La Mannouba,Public,36.81457127127382, 10.060849802160252
508,5,?????? ?????? ???????,Institut Supérieur de Documentation de Tunis,www.isd.rnu.tn,La Mannouba,Public,36.81058459789056, 10.068480583371395
503,5,?????? ?????? ??????? ???????,Institut Supérieur de léEducation Spécialisée,ises.rnu.tn,La Mannouba,Public,36.81253916217798, 10.100871749404858
505,5,?????? ?????? ????? ???????????,Institut Supérieur des Arts du Multimédia de la Manouba,www.isa2m.rnu.tn,La Mannouba,Public,36.81649609165054, 10.06095770861293
507,5,?????? ?????? ??????? ???????? ??????? ???? ??????,Institut Supérieur du Sport et de l'Education Physique de Ksar Saéd,issep-ks.rnu.tn,La Mannouba,Public,36.81560847148554, 10.10547164143108
815,8,??????? ??????? ????????? ?????????,Ecole Nationale d'Ingénieurs de Monastir,enim.rnu.tn,Monastir,Public,35.76499221953632, 10.802917060898446
816,8,??????? ???????? ????? ????????? ??????? ????????????,Ecole Supérieure des Sciences et Techniques de la Santé de Monastir,esstsm.tn/public/,Monastir,Public,35.767266221293724, 10.834376127469344
803,8,???? ???? ?????????,Faculté de Médecine de Monastir,fmm.tn,Monastir,Public,35.767102058164156, 10.833279107466927
805,8,???? ?? ???????,Faculté de Médecine Dentaire de Monastir,fmdm.rnu.tn,Monastir,Public,35.76406523698792, 10.827724531066297
804,8,???? ??????? ?????????,Faculté de Pharmacie de Monastir,fphm.rnu.tn,Monastir,Public,35.76541932433172, 10.829376684151772
801,8,???? ?????? ?????????,Faculté des Sciences de Monastir,fsm.rnu.tn,Monastir,Public,35.76364415948927, 10.805460248448972
802,8,???? ?????? ?????????? ??????? ????????,Faculté des Sciences Economiques et de Gestion de Mahdia,fsegma.rnu.tn,Mahdia,Public,35.521481113395865, 11.03078095773148
814,8,?????? ???????? ???????? ???????? ?????????,Institut Préparatoire aux Etudes d'Ingénieurs de Monastir,ipeim.rnu.tn,Monastir,Public,35.76532941088168, 10.802610616289789
811,8,?????? ?????? ?????????????? ?????????,Institut Supérieur de Biotechnologie de Monastir,isbm.rnu.tn,Monastir,Public,35.76271935402507, 10.830121379884414
806,8,?????? ?????? ???? ?????? ?????????,Institut Supérieur de la Mode de Monastir,ismmm.rnu.tn,Monastir,Public,35.76710391471817, 10.841475766021075
807,8,?????? ?????? ??????? ?????? ????????,Institut Supérieur des Arts et Métiers de Mahdia,isammh.rnu.tn,Mahdia,Public,35.50222315318507, 11.065108495943313
810,8,?????? ?????? ???????? ????????? ?? ?????????? ????????,Institut Supérieur des Etudes Appliquées en Humanités de Mahdia,iseahm.rnu.tn,Mahdia,Public,35.4785799563542, 11.052346059060397
808,8,?????? ?????? ????? ??????? ????????,Institut Supérieur des Langues Appliquées de Moknine,islaatm.rnu.tn,Monastir,Public,35.62745177330968, 10.895372834958193
809,8,?????? ?????? ?????? ????????? ???????????? ????????,Institut Supérieur des Sciences Appliquées et de Technologie de Mahdia,issatmh.rnu.tn,Mahdia,Public,35.4780823011109, 11.052260725456925
813,8,?????? ?????? ????????? ????????,Institut Supérieur d'Informatique de Mahdia,isima.rnu.tn,Mahdia,Public,35.524267785262495, 11.030849743584147
812,8,?????? ?????? ????????? ?????????? ?????????,Institut Supérieur d'Informatique et de Mathématiques de Monastir,isimm.rnu.tn,Monastir,Public,35.764344776123245, 10.841211866065374
1011,10,??????? ??????? ??????????? ?????????? ??????,Ecole Nationale d'Electronique et des Télécommunications de Sfax,enetcom.rnu.tn,Sfax,Public,34.83834705484686, 10.755237751154093
1017,10,??????? ??????? ????????? ??????,Ecole Nationale d'Ingénieurs de Sfax,enis.rnu.tn,Sfax,Public,34.725233906831335, 10.718041582579742
1018,10,???????? ??????? ??????? ??????,Ecole Supérieure de Commerce de Sfax,escs.rnu.tn,Sfax,Public,34.7336294807743, 10.709180432852216
1019,10,??????? ?????? ????? ??????? ????? ??????,Ecole Supérieure des Sciences et Techniques de la Santé de Sfax,,Sfax,Public,34.734200265938995, 10.70525767361427
1004,10,????? ??????? ???????,Faculté de Droit de Sfax,fdsf.rnu.tn,Sfax,Public,34.793203127581606, 10.838664793482684
1005,10,???? ???? ??????,Faculté de Médecine de Sfax,medecinesfax.org,Sfax,Public,34.73809744532428, 10.750706886640202
1003,10,???? ?????? ??????? ????????? ??????,Faculté des Lettres et Sciences Humaines de Sfax,flshs.rnu.tn,Sfax,Public,34.73432987905602, 10.702772620233052
1001,10,???? ?????? ??????,Faculté des Sciences de Sfax,fss.rnu.tn,Sfax,Public,34.728004972299864, 10.718782903530478
1002,10,???? ?????? ?????????? ??????? ??????,Faculté des Sciences Economiques et de Gestion de Sfax,fsegs.rnu.tn,Sfax,Public,34.73359990470372, 10.710172988779556
1006,10,???? ???????? ?????? ???????? ??????,Institut des Hautes Etudes Commerciales de Sfax,ihecsf.rnu.tn,Sfax,Public,34.794110229191624, 10.836636290542263
1015,10,?????? ???????? ???????? ???????? ??????,Institut Préparatoire aux Etudes d'Ingénieurs de Sfax,ipeis.rnu.tn,Sfax,Public,34.737441646060766, 10.748793242415168
1014,10,?????? ?????? ?????? ??????? ??????,Institut Supérieur d'Administration des Affaires de Sfax,isaas.rnu.tn,Sfax,Public,34.73547426451344, 10.711704981465555
1010,10,?????? ?????? ?????????????? ??????,Institut Supérieur de Biotechnologie de Sfax,isbs.rnu.tn,Sfax,Public,34.72405565459974, 10.718935288413087
1009,10,?????? ?????? ?????? ??????? ??????,Institut Supérieur de Gestion Industrielle de Sfax,isgis.rnu.tn,Sfax,Public,34.83847139939949, 10.753491616729736
1007,10,?????? ?????? ???????? ??????,Institut Supérieur de Musique de Sfax,ismsf.rnu.tn,Sfax,Public,34.83576670505437, 10.753281680602203
1008,10,?????? ?????? ?????? ?????? ??????,Institut Supérieur des Arts et Métiers de Sfax,isams.rnu.tn,Sfax,Public,34.747838806480765, 10.761832646880315
1013,10,?????? ?????? ????? ??????? ??????,Institut Supérieur des Sciences Infirmiéres de Sfax,,Sfax,Public,34.73802913066235, 10.749167
1012,10,?????? ?????? ????????? ???????????? ??????,Institut Supérieur d'Informatique et de Multimédia de Sfax,isimsf.rnu.tn,Sfax,Public,34.84003001925982, 10.75727073883884
1016,10,?????? ?????? ??????? ???????? ??????? ??????,Institut Supérieur du Sport et de l'Education Physique de Sfax,,Sfax,Public,34.731694838177766, 10.713302542329245
714,7,??????? ??????? ????????? ?????,Ecole Nationale déIngénieurs de Sousse,eniso.rnu.tn,Sousse,Public,35.81997712878277, 10.593317057775582
715,7,??????? ?????? ?????? ???????????? ????? ????,Ecole Supérieure des Sciences et des Technologies de Hammam Sousse,essths.rnu.tn,Sousse,Public,35.85019402851186, 10.597925056623875
716,7,??????? ?????? ????? ??????? ????? ??????,Ecole Supérieure des Sciences et Techniques de la Santé de Sousse,esstssousse.tn,Sousse,Public,35.83922686574052, 10.589882568801979
717,7,???? ?????? ??????? ???????? ?????,Faculté de Droit et et des Sciences Politiques de Sousse,http://www.fdsps.rnu.tn/,Sousse,Public,35.805770939389475, 10.611961318247857
703,7,???? ???? ?????,Faculté de Médecine de Sousse,www.medecinesousse.com,Sousse,Public,35.828526979457855, 10.625715821364988
702,7,???? ?????? ??????? ????????? ?????,Faculté des Lettres et des Sciences Humaines de Sousse,fls.rnu.tn,Sousse,Public,35.801222542405064, 10.61601818330712
718,7,???? ?????? ?????????? ??????? ?????,Faculté des Sciences Economiques et de Gestion de Sousse,fsegso.rnu.tn,Sousse,Public,35.7999493804612, 10.617989313511014
704,7,???? ???????? ?????? ???????? ?????,Institut des Hautes Etudes Commerciales de Sousse,ihecso.rnu.tn,Sousse,Public,35.831694680368216, 10.590605717104811
713,7,?????? ?????? ?????? ???????? ??? ????,Institut Supérieur Agronomique de Chott Mériem,isa-cm.agrinet.tn,Sousse,Public,35.91977888183557, 10.566205203178754
707,7,?????? ?????? ??????? ???????? ?????,Institut Supérieur de Finances et de Fiscalité de Sousse,isffs.rnu.tn,Sousse,Public,35.81993969581127, 10.636354518162369
710,7,?????? ?????? ?????? ?????,Institut Supérieur de Gestion de Sousse,isgs.rnu.tn,Sousse,Public,35.81407543911409, 10.62553085494109
706,7,?????? ??????? ?????????? ?????,Institut Supérieur de Musique de Sousse,isms.tn,Sousse,Public,35.81994804076276, 10.635548071784548
708,7,?????? ?????? ?????? ??????? ?????,Institut Supérieur des Beaux Arts de Sousse,isbas.rnu.tn,Sousse,Public,35.831136252402686, 10.6388496432921
709,7,?????? ?????? ?????? ????????? ???????????? ?????,Institut Supérieur des Sciences Appliquées et de Technologie de Sousse,issatso.rnu.tn,Sousse,Public,35.81190247595861, 10.637120257065588
712,7,?????? ?????? ????? ??????? ?????,Institut Supérieur des Sciences Infirmiéres de Sousse,sciencesinfirmieres-sousse.tn/public/,Sousse,Public,35.8278487153256, 10.624847422089696
711,7,?????? ?????? ????????? ??????? ??????? ????? ????,Institut Supérieur d'Informatique et des Technologies de Communication de Hammam Sousse,isitcom.rnu.tn,Sousse,Public,35.85794683350204, 10.59916560207576
705,7,?????? ?????? ????? ?????? ??????? ?????,Institut Supérieur du Transport et de la Logistique de Sousse,istls.rnu.tn,Sousse,Public,35.798775732354876, 10.61598819931827
212,2,??????? ??????? ?????? ????????? ?????,Ecole Nationale Supérieure d'Ingénieurs de Tunis,www.ensit.tn,Tunis,Public,36.784612890454795, 10.17937637326426
214,2,??? ???????? ??????,Ecole Normale Supérieure,www.ens.rnu.tn,Tunis,Public,36.79077197510855, 10.168702432907029
213,2,??????? ?????? ?????? ?????????? ????????? ?????,Ecole Supérieure des Sciences Economiques et Commerciales de Tunis,www.essect.rnu.tn,Tunis,Public,36.78716734561937, 10.174311765716011
201,2,???? ?????? ????????? ??????????? ?????,Faculté des Sciences Humaines et Sociales de Tunis,www.fshst.rnu.tn,Tunis,Public,36.79567238507198, 10.163393417456419
209,2,?????? ???????? ???????? ???????? ?????,Institut Préparatoire aux Etudes d'Ingénieurs de Tunis,www.ipeit.rnu.tn,Tunis,Public,36.78535636493706, 10.171203607369236
210,2,?????? ???????? ???????? ??????? ? ?????? ????????? ?????,Institut Préparatoire aux Etudes Littéraires et des Sciences Humaines de Tunis,www.ipelsht.rnu.tn,Tunis,Public,36.790220220990946, 10.16755916894899
205,2,?????? ?????? ???? ???????,Institut Supérieur d'Art Dramatique de Tunis,,Tunis,Public,36.815065783921064, 10.1668648
211,2,?????? ?????? ?????? ?????,Institut Supérieur de Gestion de Tunis,www.isg.rnu.tn,Tunis,Public,36.80444873263701, 10.150561065975129
208,2,?????? ?????? ??????? ??????? ???????? ???? ?????,Institut Supérieur de l'Animation pour la Jeunesse et la Culture de Bir El Bey,www.isajc.rnu.tn,Ben Arous,Public,36.717645510065715, 10.377373594787201
203,2,?????? ?????? ???????? ?????,Institut Supérieur de Musique de Tunis,www.ismt.rnu.tn,Tunis,Public,36.80148205262928, 10.180993988908002
204,2,?????? ?????? ?????? ??????? ?????,Institut Supérieur des Beaux Arts de Tunis,www.isbat.rnu.tn,Tunis,Public,36.81095727812382, 10.163123807029512
207,2,?????? ?????? ???????? ????????? ?? ?????????? ?????,Institut Supérieur des Etudes Appliquées en Humanité de Tunis,www.iseaht.rnu.tn,Tunis,Public,36.806164831040924, 10.156706890344095
206,2,?????? ?????? ???????? ????????? ?? ?????????? ??????,Institut Supérieur des études Appliquées en Humanités de Zaghouan,www.iseahz.rnu.tn,Zaghouan,Public,36.43381977325008, 10.090502803475578
202,2,?????? ?????? ???? ?????? ?????,Institut Supérieur des Métiers du Patrimoine de Tunis,www.ismpt.rnu.tn,Tunis,Public,36.78625504566702, 10.172570338964604
215,2,?????? ?????? ??????? ?????,Tunis Business School,www.utunis.rnu.tn,Ben Arous,Public,36.72010512789444, 10.234829266813852
311,3,??????? ??????? ????????? ?????,Ecole Nationale d'Ingénieurs de Tunis,www.enit.rnu.tn,Tunis,Public,36.831126491867, 10.147739596348062
312,3,????????? ??????? ????? ??????? ????? ?????,Ecole Supérieure des Sciences et Techniques de la Santé de Tunis,esstst.wixsite.com/home,Tunis,Public,36.80042094669575, 10.156233606382647
303,3,???? ?????? ??????? ???????? ?????,Faculté de Droit et des Sciences Politiques de Tunis,www.fdspt.rnu.tn,Tunis,Public,36.83172834494407, 10.150676652196909
304,3,???? ???? ?????,Faculté de Médecine de Tunis,www.fmt.rnu.tn,Tunis,Public,36.80334951985015, 10.15778421926507
302,3,???? ?????? ?????????? ??????? ?????,Faculté des Sciences Economiques et de Gestion de Tunis,www.fsegt.rnu.tn,Tunis,Public,36.8324969093717, 10.150352104917681
301,3,???? ?????? ????????? ????????? ?????????? ?????,Faculté des Sciences Mathématiques Physiques et Naturelles de Tunis,www.fst.rnu.tn,Tunis,Public,36.83384765120928, 10.14787118803233
310,3,?????? ???????? ???????? ???????? ???????,Institut Préparatoire aux Etudes d'Ingénieurs d'El Manar,www.ipeiem.rnu.tn,Tunis,Public,36.82935051509854, 10.142825625298432
305,3,?????? ?????? ?????? ?????????? ????????? ?????,Institut Supérieur des Sciences Biologiques Appliquées de Tunis,www.issbat.rnu.tn,Tunis,Public,36.802340914490834, 10.160075858019056
306,3,?????? ?????? ?????? ????????? ?????,Institut Supérieur des Sciences Humaines de Tunis,www.issht.rnu.tn,Tunis,Public,36.79980656829746, 10.161348650868986
309,3,?????? ?????? ????? ??????? ?????,Institut Supérieur des Sciences Infirmiéres de Tunis,www.issit.tn,Tunis,Public,36.800663883835234, 10.155883785210797
307,3,?????? ?????? ???????????? ?????? ?????,Institut Supérieur des Technologies Médicales de Tunis,www.istmt.rnu.tn,Tunis,Public,36.80096122710459, 10.160546557537437
308,3,?????? ?????? ????????? ??????,Institut Supérieur d'Informatique,isi.rnu.tn,Ariana,Public,36.86165576270831, 10.188740967219918
102,1,?????? ?????? ??????? ?????????,Institut Supérieur de la Civilisation Islamique de Tunis,www.isci.rnu.tn,Tunis,Public,36.792622796556905, 10.164634157020718
101,1,?????? ?????? ????? ?????,Institut Supérieur de Théologie de Tunis,www.isth.rnu.tn,Tunis,Public,36.79360062847284, 10.164656693984291
103,1,?????? ?????? ??????? ???????? ?????? ?????????,Institut Supérieur des Sciences Islamiques de Kairouan,,Kairouan,Public,35.650584086311696, 10.084753284045048
1502,15,?????? ?????? ??????? ? ??????? ???????,Institut Supérieur de l'Education et de la Formation Continue,www.isefc.rnu.tn,Tunis,Public,36.80514135490817, 10.150274616796485
1501,15,??????? ??????????,Université Virtuelle,uvt.rnu.tn,Tunis,Public,36.81752054394514, 10.185049199791287
